site_location,DEPOT,GOVERNORS ISLAND,4 SOUTH STREET - WHITEHALL FERRY TERMINAL,COURTYARD WEST,PIER 40 DOG RUN,PIER 40 COURTYARD AND TUNNEL,PIER 45,PIER 51,PIER 57,PIER 40,CHELSEA WATERSIDE PARK FIELD,CHELSEA WATERSIDE PARK PLAYGROUND,PIER 66 SEATING AREA,1 RANDALLS ISLAND PARK,RANDALLS ISLAND,RIVERSIDE DR TO BROADWAY W 192 ST TO DYCKMAN ST,BROADWAY AND ARDEN,DYKMAN ST AND HUDSON RIVER,765 MANIDA ST - HUNTS POINT RECREATION CENTER,161-164 WALTON AVE - JOYCE KILMER PARK,2900 SOUTHERN BLVD - VISITORS SERVICE CENTER,BRONX ZOO - THROUGHOUT THE ZOO,2300 SOUTHERN BLVD - BRONX ZOO MAIN ENTRANCE,6301 RIVERDALE AVE - CAMPUS WIDE,ORCHARD BEACH ROAD - BOATHOUSE,ORCHARD BEACH ROAD - PELHAM PLAYGROUND,ORCHARD BEACH ROAD - BASKETBALL COURT AREA,2551 WESTCHESTER AVE - OWEN DOLEN REC CENTER,FRONT ST AND JAY ST,210 JORALEMON ST - INSIDE BUILDING,141 LIVINGSTON ST - INSIDE BUILDING,120 SCHERMERHORN ST - INSIDE BUILDING,PEARL STREET TRIANGLE,ARCHWAY ON ADAMS STREET SIDE,OLD FULTON PLAZA,450 FLATBUSH AVE - PP ZOO,990 WASHINGTON AVE - BBG,1555 LINDEN BLVD,NY AQUARIUM,FLOYD BENNETT FIELD TRAINING CENTER,PASSERELLE CIRCLE - FLUSHING MEADOW PARK,FLUSHING MEADOW PARK PLAYGROUNDS,QUEENS HALL OF SCIENCE,QUEENS ZOO,QUEENS THEATRE,QUEENS MUSEUM,AL ORTER RECREATION CENTER,93-29 QUEENS BLVD - LBH RECREATION CENTER,43-50 MAIN ST - QUEENS BOTANICAL GARDEN,KISSENA BLVD AND HORACE HARDING EXPRESSWAY,N/W/C 150 STREET / MELBOURNE AVE,177-01 BAISLEY BLVD - ROY WILKINS PARK,133-39 GUY BREWER BLVD - VIC HANSEN REC CENTER,106-16 173RD ST - DETECTIVE KEITH WILLIAMS REC CENTER,WINCHESTER BLVD & GRAND CENTRAL PARKWAY,WINCHESTER BLVD & UNION TURNPIKE,B95TH ST / BEACH - ROCKAWAY BEACH,B92ND ST / BEACH - ROCKAWAY BEACH,B17TH ST / BEACH - ROCKAWAY BEACH,B13TH ST / BEACH - ROCKAWAY BEACH,6 VICTORY BLVD - LYONS POOL,CLOVE RD AND CHESHIRE PL,CLOVE RD AND VICTORY BLVD,DAVIS AVE AND DELAFIELD AVE,SNUG HARBOR CULTURAL CENTER,2800 VICTORY BLVD - COLLEGE OF STATEN ISLAND,625 FATHER CAPODANNO BLVD - OCEAN BREEZE,700 ROCKLAND AVE - GREENBELT NATURE CENTER,IFO 1617 RICHMOND ROAD - NYPL DONGAN HILLS,NEW DORP LANE - MILLER FIELD COMPLEX,IFO 222 POLLION AVE - BLUE HERON NATURE CENTER,FRESH KILLS PARK VISITOR CENTER,GREAT KILLS PARK
DEPOT,0.0,3317.2,2504.9,5307.6,3557.3,2925.1,5242.6,4661.8,4929.1,2925.1,5130.8,5143.5,6599.9,15708.8,15708.8,19749.2,22477.7,22628.7,18992.0,17734.9,25719.6,21955.5,21999.1,26044.0,31415.3,31870.6,31885.9,24943.4,3447.6,3812.4,3950.8,4224.6,4526.9,3537.7,3275.2,7439.7,8042.5,17487.5,18708.9,25363.0,18167.0,18318.8,18600.9,18127.8,18275.2,18019.5,18234.8,14442.8,18458.5,20553.2,19241.7,28155.3,26924.7,23505.1,31127.7,29340.0,32067.7,31891.1,36329.9,36206.7,25505.4,22330.0,22448.3,25692.5,26056.9,26086.4,20230.8,23787.7,22270.8,25639.8,33911.2,36607.1,28518.2
GOVERNORS ISLAND,6475.4,0.0,2071.8,7682.0,5931.8,5299.5,7617.0,7036.3,7303.6,5299.5,7505.3,7517.9,8974.3,17005.2,17005.2,23801.5,23774.1,23925.1,20288.4,19031.3,27016.0,23251.9,23295.5,29719.2,32711.7,33167.0,33182.3,26239.7,5263.6,5628.4,5766.8,6040.6,6342.9,5353.7,5091.2,9255.7,9858.5,17668.2,18889.6,25543.7,22329.9,22746.1,22763.8,22290.7,22438.1,22182.4,22397.8,18605.8,22621.4,24716.2,23404.6,32318.3,31087.6,27668.1,35290.6,33502.9,32248.4,32071.8,40492.9,40369.6,25686.1,22510.7,22629.0,25873.1,26237.6,26267.1,20411.5,23968.4,22451.5,25820.5,34091.9,36787.8,28698.9
4 SOUTH STREET - WHITEHALL FERRY TERMINAL,5344.9,1516.0,0.0,5616.0,3865.7,3233.4,5551.0,4970.2,5237.5,3233.4,5439.2,5451.9,6908.2,16526.7,16526.7,20057.6,23295.6,20655.7,19809.9,18552.8,26537.5,22773.4,22817.0,26352.3,32233.2,32688.5,32703.8,25761.3,4133.1,4497.9,4636.3,6367.7,5212.4,4223.2,3960.7,8910.4,8896.7,15602.1,16823.5,23477.6,21851.4,19021.0,22285.4,21812.3,21959.7,21704.0,21919.3,18127.3,22142.9,24237.7,22926.2,31839.8,30609.1,27189.6,34812.1,33024.5,30182.3,30005.7,35577.1,35453.9,23620.1,20444.6,20562.9,23807.1,24171.5,24201.0,18345.4,21902.3,20385.4,23754.5,32025.8,34721.7,26632.8
COURTYARD WEST,6296.0,5034.5,3573.8,0.0,1038.0,405.7,2598.5,2017.8,2285.1,405.7,2486.8,2499.4,3955.8,14189.8,14189.8,17105.1,18236.0,17703.3,17473.0,16765.6,22532.7,21405.6,21449.2,23399.9,31931.2,32386.5,32401.8,24287.7,5221.5,5586.3,5724.7,5998.5,6300.8,5311.6,5049.1,8714.3,8700.5,17749.9,18971.3,25625.4,18874.9,19119.9,19308.9,18835.8,18983.2,18727.5,18942.8,15150.8,19166.4,21261.2,19949.6,28863.3,27632.6,24213.1,31835.6,30047.9,32330.1,32153.4,37037.9,36914.6,25767.8,22592.4,22710.7,25954.8,26319.3,26348.8,20493.2,24050.0,22533.2,25902.2,33557.0,34603.8,28780.5
PIER 40 DOG RUN,6730.0,5468.4,4007.8,3259.3,0.0,1252.0,3194.3,2613.5,2880.8,1252.0,3082.6,3095.2,4551.6,16225.8,16225.8,17700.9,18831.8,18299.0,18120.0,17361.4,23128.5,22001.4,22045.0,23995.7,32527.0,32982.3,32997.6,24883.4,5655.5,6020.2,6158.6,6432.4,6734.8,5745.5,5483.1,9148.3,9134.5,18183.8,19405.2,26059.3,19522.0,19715.6,19955.9,19482.8,19630.2,19374.5,19589.8,15797.8,19813.4,21908.2,20596.7,29510.3,28279.7,24860.1,32482.7,30695.0,32764.0,32587.4,37684.9,37561.7,26201.8,23026.3,23144.7,26388.8,26753.2,26782.7,20927.1,24484.0,22967.1,26336.2,33991.0,35037.7,29214.5
PIER 40 COURTYARD AND TUNNEL,6118.9,4857.3,3396.6,2648.2,656.5,0.0,2583.2,2002.4,2269.7,0.0,2471.4,2484.1,3940.5,15614.6,15614.6,17089.8,18220.6,17687.9,17508.9,16750.3,22517.3,21390.2,21433.8,23384.6,31915.8,32371.1,32386.5,24272.3,5044.3,5409.1,5547.5,5821.3,6123.7,5134.4,4871.9,8537.1,8523.4,17572.7,18794.1,25448.2,18910.8,19104.5,19344.8,18871.7,19019.1,18763.4,18978.7,15186.7,19202.3,21297.1,19985.6,28899.2,27668.5,24249.0,31871.5,30083.9,32152.9,31976.3,37073.8,36950.6,25590.6,22415.2,22533.5,25777.7,26142.1,26171.6,20316.0,23872.9,22356.0,25725.0,33379.9,34426.6,28603.4
PIER 45,6361.0,5099.5,3638.8,65.0,1103.0,470.8,0.0,2082.8,2350.1,470.8,2551.8,2564.5,4020.8,14254.8,14254.8,17170.1,18301.0,17768.3,17538.0,16830.6,22597.7,21470.6,21514.2,23464.9,31996.2,32451.5,32466.8,24352.7,5286.5,5651.3,5789.7,6063.5,6365.8,5376.6,5114.1,8779.3,8765.6,17814.9,19036.3,25690.4,18939.9,19184.9,19373.9,18900.8,19048.2,18792.5,19007.8,15215.8,19231.4,21326.2,20014.6,28928.3,27697.6,24278.1,31900.6,30113.0,32395.1,32218.5,37102.9,36979.7,25832.8,22657.4,22775.7,26019.8,26384.3,26413.8,20558.2,24115.0,22598.2,25967.2,33622.0,34668.8,28845.6
PIER 51,6941.8,5680.2,4219.6,645.8,1683.8,1051.5,580.8,0.0,2930.9,1051.5,3132.6,3145.2,4601.6,14835.6,14835.6,17750.9,18881.8,18349.1,18118.8,17411.4,23178.5,22051.4,22095.0,24045.7,32577.0,33032.3,33047.6,24933.5,5867.3,6232.1,6370.5,6644.3,6946.6,5957.4,5694.9,9360.1,9346.3,18395.7,19617.1,26271.2,19520.7,19765.7,19954.6,19481.6,19629.0,19373.3,19588.6,15796.6,19812.2,21907.0,20595.4,29509.1,28278.4,24858.9,32481.4,30693.7,32975.9,32799.2,37683.7,37560.4,26413.6,23238.2,23356.5,26600.6,26965.1,26994.6,21139.0,24695.8,23178.9,26548.0,34202.8,35249.6,29426.3
PIER 57,7551.0,6289.4,4828.7,1254.9,2293.0,1660.7,1189.9,609.1,0.0,1660.7,926.7,939.3,2138.2,14069.9,14069.9,15545.0,16675.9,16143.2,17891.1,15205.5,20972.6,19845.5,19889.1,21839.8,30371.1,30826.4,30841.7,22727.6,6476.4,6841.2,6979.6,7253.4,7555.8,6566.5,6304.0,9969.2,9955.5,19004.8,20226.2,26880.3,18209.2,18625.4,18643.1,18170.0,18317.5,18061.8,18277.1,14485.1,18500.7,20595.5,19283.9,28197.6,26966.9,23547.4,31169.9,29382.2,33585.0,33408.4,36372.2,36248.9,27022.7,23847.3,23965.6,27209.8,27574.2,27603.7,21748.1,25305.0,23788.1,27157.1,34812.0,35858.7,30035.5
PIER 40,6118.9,4857.3,3396.6,2648.2,656.5,0.0,2583.2,2002.4,2269.7,0.0,2471.4,2484.1,3940.5,15614.6,15614.6,17089.8,18220.6,17687.9,17508.9,16750.3,22517.3,21390.2,21433.8,23384.6,31915.8,32371.1,32386.5,24272.3,5044.3,5409.1,5547.5,5821.3,6123.7,5134.4,4871.9,8537.1,8523.4,17572.7,18794.1,25448.2,18910.8,19104.5,19344.8,18871.7,19019.1,18763.4,18978.7,15186.7,19202.3,21297.1,19985.6,28899.2,27668.5,24249.0,31871.5,30083.9,32152.9,31976.3,37073.8,36950.6,25590.6,22415.2,22533.5,25777.7,26142.1,26171.6,20316.0,23872.9,22356.0,25725.0,33379.9,34426.6,28603.4
CHELSEA WATERSIDE PARK FIELD,8210.1,6948.5,5487.9,1914.1,2952.1,2319.8,1849.1,1268.3,674.9,2319.8,0.0,12.7,1571.0,13245.2,13245.2,14720.3,15851.2,15318.5,17066.4,14380.8,20147.9,19020.8,19064.4,21015.1,29546.4,30001.7,30017.0,21902.9,7135.6,7500.4,7638.8,7912.5,8214.9,7225.7,6963.2,10628.4,10614.6,19664.0,20885.4,27539.5,17642.6,18058.9,18076.6,17603.5,17750.9,17495.2,17710.5,13918.5,17934.1,20028.9,18717.4,27631.0,26400.3,22980.8,30603.3,28815.7,31154.1,30992.2,35805.6,35682.4,27681.9,24506.5,24624.8,27868.9,28233.4,28262.9,22407.3,25964.1,24447.2,27816.3,35471.1,36517.9,30694.6
CHELSEA WATERSIDE PARK PLAYGROUND,8222.8,6961.2,5500.5,1926.7,2964.8,2332.5,1861.7,1281.0,687.6,2332.5,12.7,0.0,1558.3,13232.5,13232.5,14707.7,15838.5,15305.8,17053.7,14368.2,20135.2,19008.1,19051.7,21002.4,29533.7,29989.0,30004.4,21890.2,7148.2,7513.0,7651.4,7925.2,8227.6,7238.3,6975.9,10641.1,10627.3,19676.6,20898.0,27552.1,17655.3,18071.5,18089.2,17616.1,17763.6,17507.9,17723.2,13931.2,17946.8,20041.6,18730.0,27643.7,26413.0,22993.5,30616.0,28828.3,31166.7,31004.9,35818.3,35695.0,27694.6,24519.1,24637.4,27881.6,28246.0,28275.5,22419.9,25976.8,24459.9,27829.0,35483.8,36530.5,30707.3
PIER 66 SEATING AREA,8504.0,7242.4,5781.8,2208.0,3246.0,2613.7,2142.9,1562.2,968.8,2613.7,412.0,399.3,0.0,12925.5,12925.5,15075.3,16206.2,15673.5,16208.7,14735.8,20502.9,19375.8,19419.4,21370.1,29901.4,30356.7,30372.0,22257.9,7429.5,7794.2,7932.6,8206.4,8508.8,7519.5,7257.1,10922.3,10908.5,19957.8,21179.2,27833.3,17611.1,18027.3,18045.0,17571.9,17719.4,17463.7,17679.0,13887.0,17902.6,19997.4,18685.8,27599.5,26368.8,22949.3,30571.8,28784.1,31122.5,30960.7,35774.1,35650.8,27975.8,24800.3,24918.6,28162.8,28527.2,28556.7,22701.1,26258.0,24741.1,28110.2,35765.0,36811.7,30988.5
1 RANDALLS ISLAND PARK,22229.7,17945.6,17133.3,15298.5,15692.8,15060.5,15233.5,14652.7,14837.0,15060.5,13791.7,13779.0,13868.3,0.0,0.0,10170.7,10183.2,10334.2,4296.1,4547.3,11236.1,8315.0,8358.5,15347.0,16181.4,16636.7,16652.0,9709.4,18560.0,21037.9,20998.0,21450.1,20966.0,21207.3,20944.8,22652.2,21483.9,21124.3,36353.4,41406.7,13400.5,13590.8,12995.0,13361.3,13508.8,13253.1,14857.3,12634.0,14677.4,15256.1,17582.9,26358.2,25127.6,21708.0,28931.1,27346.9,37062.9,36901.1,34532.8,34409.6,43150.0,39974.5,40092.9,43337.0,43701.4,43730.9,37875.3,41432.2,39915.3,43284.4,51555.7,59881.7,46162.7
RANDALLS ISLAND,22229.7,17945.6,17133.3,15298.5,15692.8,15060.5,15233.5,14652.7,14837.0,15060.5,13791.7,13779.0,13868.3,0.0,0.0,10170.7,10183.2,10334.2,4296.1,4547.3,11236.1,8315.0,8358.5,15347.0,16181.4,16636.7,16652.0,9709.4,18560.0,21037.9,20998.0,21450.1,20966.0,21207.3,20944.8,22652.2,21483.9,21124.3,36353.4,41406.7,13400.5,13590.8,12995.0,13361.3,13508.8,13253.1,14857.3,12634.0,14677.4,15256.1,17582.9,26358.2,25127.6,21708.0,28931.1,27346.9,37062.9,36901.1,34532.8,34409.6,43150.0,39974.5,40092.9,43337.0,43701.4,43730.9,37875.3,41432.2,39915.3,43284.4,51555.7,59881.7,46162.7
RIVERSIDE DR TO BROADWAY W 192 ST TO DYCKMAN ST,26639.0,24812.7,24000.4,18004.7,19042.7,18410.5,17939.7,17358.9,16765.5,18410.5,16208.7,16196.1,15796.8,10677.7,10677.7,0.0,2117.9,1585.2,10582.5,8257.9,7474.7,7782.8,7826.4,7281.8,18689.7,19145.0,19160.3,11046.1,25427.1,25791.9,25930.3,26204.1,28958.7,25517.2,25254.7,30644.9,29476.6,29117.0,36976.0,49399.4,21393.2,21583.5,20987.8,21354.1,21501.5,21245.8,20989.9,20626.7,21875.3,21087.4,23788.8,32020.7,33120.3,30593.0,31442.4,29858.2,45055.7,44893.8,42525.6,42402.3,44541.3,40597.1,40715.4,43970.4,44703.1,43861.6,38497.9,45745.5,40537.9,43906.9,56673.0,54123.6,46785.3
BROADWAY AND ARDEN,25478.9,23652.7,22840.3,17074.7,18112.7,17480.4,17009.7,16428.9,15835.5,17480.4,15278.7,15266.0,14866.7,9517.6,9517.6,5531.9,0.0,413.3,10508.9,7097.8,6314.6,6622.7,6666.3,6449.3,18616.0,19071.3,19086.7,10972.5,24267.1,24631.8,24770.2,25044.0,27798.6,24357.1,24094.7,29484.8,28316.5,27957.0,36046.0,48239.3,20233.1,20423.4,19827.7,20194.0,20341.4,20085.7,20916.2,19466.6,21801.7,21013.8,23715.1,31947.1,31960.2,30519.3,31368.7,29784.6,43895.6,43733.7,41365.5,41242.2,44889.9,39667.1,39785.4,44319.1,45051.8,44210.3,37567.9,46094.1,39607.9,42976.9,57021.7,54472.3,45855.2
DYKMAN ST AND HUDSON RIVER,25756.8,23930.6,23118.3,17458.2,18496.2,17863.9,17393.1,16812.4,16219.0,17863.9,15662.2,15649.5,15250.2,9795.6,9795.6,5915.3,940.5,0.0,10786.8,7375.8,6592.5,6900.7,6944.2,6832.8,18894.0,19349.3,19364.6,11250.5,24545.0,24909.8,25048.2,25322.0,28076.6,24635.1,24372.6,29762.8,28594.4,28234.9,36429.4,48517.3,20511.1,20701.4,20105.6,20471.9,20619.3,20363.6,21194.2,19744.6,22079.6,21291.7,23993.1,32225.0,32238.1,30797.3,31646.7,30062.5,44173.5,44011.7,41643.4,41520.2,45167.9,40050.5,40168.9,44597.1,45329.7,44488.2,37951.3,46372.1,39991.3,43360.4,57299.6,54750.3,46238.7
765 MANIDA ST - HUNTS POINT RECREATION CENTER,23940.2,20752.4,19940.1,18105.3,18499.6,17867.3,18040.3,17459.5,17643.8,17867.3,16598.5,16585.8,16675.1,6756.5,6756.5,11190.6,11286.1,11788.8,0.0,6555.4,6613.5,5351.3,5394.9,17355.1,13160.6,13615.9,13631.2,6688.6,23108.0,22748.4,22708.5,23160.6,22676.5,22917.8,22655.3,24362.7,23194.3,22834.8,38063.9,43117.2,15111.0,15301.3,14705.5,15071.8,15219.2,14963.5,15439.9,14344.5,16325.3,15537.4,18238.8,26488.6,26838.1,25060.9,25910.3,24326.1,38773.4,38611.6,36243.3,36120.1,44860.5,41685.0,41803.3,45047.5,45411.9,45441.4,39585.8,43142.7,41625.8,44994.9,53266.2,60901.6,47873.2
161-164 WALTON AVE - JOYCE KILMER PARK,24752.2,19550.6,18738.3,14955.1,15993.1,15360.8,14890.0,14309.3,13715.9,15360.8,13159.1,13146.4,12747.1,5415.6,5415.6,5763.3,6339.0,6361.5,5569.0,0.0,8124.6,6997.5,7041.1,10939.6,17523.1,17978.4,17993.8,9879.6,23920.1,23560.4,23520.5,23972.6,23488.5,23729.8,23467.4,25174.7,24006.4,23646.8,38876.0,43929.2,15923.0,16113.3,15517.6,15883.9,16031.3,15775.6,17379.8,15156.5,17199.9,17778.6,20105.4,28880.7,27650.1,24230.5,30275.8,28691.7,39585.5,39423.6,37055.4,36932.1,45891.9,42497.1,42615.4,45321.1,46053.7,45212.3,40397.9,43954.7,42437.8,45806.9,58023.6,55474.3,48685.2
2900 SOUTHERN BLVD - VISITORS SERVICE CENTER,30143.5,26955.7,26143.4,22222.7,23260.7,22628.4,22157.7,21576.9,20983.5,22628.4,20426.7,20414.0,20014.7,12959.8,12959.8,9411.4,6296.7,6707.9,8194.6,8290.8,0.0,2071.9,2115.4,8792.0,9381.0,9836.3,9851.7,5157.1,29311.3,28951.7,28911.8,29363.9,28879.8,29121.1,28858.6,30566.0,29397.7,35608.1,47520.1,44600.0,18388.8,18038.6,18229.3,17756.2,18542.2,17647.9,16940.2,20907.7,17825.7,17037.7,19739.1,27971.1,28320.8,26543.3,27392.7,25808.6,40256.2,40094.4,37726.1,37602.9,49540.0,47888.3,48006.6,48969.2,49701.8,48860.3,45789.1,49346.0,47829.1,51198.2,61671.7,59122.4,54076.5
BRONX ZOO - THROUGHOUT THE ZOO,27643.5,24455.7,23643.4,21145.1,22183.2,21550.9,21080.1,20499.4,19906.0,21550.9,19349.2,19336.5,18937.2,10459.8,10459.8,8333.9,6085.5,8932.0,5391.3,7213.3,1842.5,0.0,43.6,9679.1,9834.8,10290.1,10305.4,4707.0,26811.4,26451.8,26411.8,26863.9,26379.9,26621.1,26358.7,28066.1,26897.7,34211.5,46123.5,43203.4,16992.2,16642.0,16832.7,16359.6,17145.5,16251.3,15543.6,19511.1,16429.0,15641.1,18342.5,26574.4,26924.2,25146.7,25996.1,24411.9,38859.6,38697.8,36329.5,36206.3,48462.5,45388.4,45506.7,47891.6,48624.3,47782.8,43289.2,46846.0,45329.2,48698.2,60594.2,58044.8,51576.6
2300 SOUTHERN BLVD - BRONX ZOO MAIN ENTRANCE,27687.1,24499.3,23687.0,21188.7,22226.7,21594.5,21123.7,20542.9,19949.5,21594.5,19392.7,19380.1,18980.8,10503.4,10503.4,8377.5,6129.1,8975.6,5434.9,7256.9,1886.0,43.6,0.0,9722.6,9878.3,10333.6,10349.0,4750.6,26855.0,26495.3,26455.4,26907.5,26423.4,26664.7,26402.3,28109.6,26941.3,34255.1,46167.0,43246.9,17035.7,16685.5,16876.2,16403.1,17189.1,16294.8,15587.2,19554.7,16472.6,15684.7,18386.1,26618.0,26967.8,25190.3,26039.6,24455.5,38903.2,38741.3,36373.1,36249.8,48506.0,45431.9,45550.3,47935.2,48667.8,47826.4,43332.8,46889.6,45372.7,48741.8,60637.8,58088.4,51620.1
6301 RIVERDALE AVE - CAMPUS WIDE,29155.2,29782.1,26433.0,22859.2,23897.2,23264.9,22794.2,22213.4,21620.0,23264.9,21063.2,21050.5,20651.2,15647.1,15647.1,11316.3,6792.0,6039.3,15979.4,11749.3,8218.5,9858.7,9902.3,0.0,14920.7,15376.0,15391.3,13354.3,28080.7,28445.4,28583.8,28857.6,33656.3,28170.7,27908.3,35342.5,34174.1,33814.6,41830.5,52384.8,26173.6,26281.1,25685.3,25541.0,26326.9,25432.7,24725.0,25324.2,25610.5,24822.5,27523.9,35755.8,36105.6,34328.1,35177.5,33593.3,48041.0,47879.2,45510.9,45387.7,52277.4,45451.5,45569.9,51706.6,52439.3,51597.8,43352.4,46909.2,45392.3,48761.4,64409.2,61859.8,51639.7
ORCHARD BEACH ROAD - BOATHOUSE,36116.4,33022.4,32210.1,31980.6,33018.6,32386.4,31915.6,31334.8,30741.4,32386.4,30184.6,30172.0,29772.7,19026.5,19026.5,19169.4,19264.9,19767.5,14261.3,18048.7,9175.0,13115.3,13158.9,18500.3,0.0,1143.1,1158.4,7003.7,35284.3,34924.6,34884.7,35336.8,34852.7,35094.0,34831.5,36538.9,35370.6,36624.2,48536.1,45616.0,19404.8,19054.6,19245.3,18772.2,19558.2,18663.9,17956.3,21923.8,18841.7,18053.8,20755.2,27186.6,29336.9,25758.9,26608.3,25024.1,41272.3,41110.4,38310.6,38187.3,57036.7,53861.2,53979.6,57223.7,57588.1,57617.7,51762.1,55318.9,53802.0,57171.1,71429.7,68880.3,60049.4
ORCHARD BEACH ROAD - PELHAM PLAYGROUND,36832.3,33738.3,32926.0,32696.5,33734.5,33102.3,32631.5,32050.7,31457.3,33102.3,30900.5,30887.9,30488.6,19742.4,19742.4,19885.3,19980.8,20483.4,14977.2,18764.6,9890.9,13831.2,13874.8,19216.2,1769.8,0.0,135.3,7719.6,36000.2,35640.5,35600.6,36052.7,35568.6,35809.9,35547.4,37254.8,36086.5,37340.1,49252.0,46331.9,20120.7,19770.5,19961.2,19488.1,20274.1,19379.8,18672.2,22639.7,19557.6,18769.7,21471.1,27902.5,30052.8,26474.8,27324.2,25740.0,41988.2,41826.3,39026.5,38903.2,57752.6,54577.1,54695.5,57939.6,58304.0,58333.6,52478.0,56034.8,54517.9,57887.0,72145.6,69596.2,60765.3
ORCHARD BEACH ROAD - BASKETBALL COURT AREA,36697.0,33603.0,32790.7,32561.2,33599.2,32967.0,32496.2,31915.4,31322.0,32967.0,30765.2,30752.6,30353.3,19607.1,19607.1,19750.0,19845.4,20348.1,14841.9,18629.3,9755.6,13695.9,13739.5,19080.9,1634.5,488.5,0.0,7584.3,35864.9,35505.2,35465.3,35917.4,35433.3,35674.6,35412.1,37119.5,35951.2,37204.8,49116.7,46196.6,19985.4,19635.2,19825.9,19352.8,20138.8,19244.5,18536.8,22504.3,19422.3,18634.4,21335.8,27767.2,29917.5,26339.5,27188.9,25604.7,41852.9,41691.0,38891.2,38767.9,57617.3,54441.8,54560.2,57804.3,58168.7,58198.3,52342.6,55899.5,54382.6,57751.7,72010.3,69460.9,60630.0
2551 WESTCHESTER AVE - OWEN DOLEN REC CENTER,29991.7,26872.3,26060.0,24111.6,25149.7,24517.4,24046.6,23465.8,22872.5,24517.4,22315.6,22303.0,21903.7,12876.4,12876.4,11300.4,11395.9,11898.5,8111.2,10179.8,5140.5,4565.5,4609.1,15048.0,6627.8,7083.1,7098.5,0.0,29159.6,28799.9,28760.0,29212.1,28728.0,28969.3,28706.9,30414.2,29245.9,30499.5,42411.4,39491.4,13280.1,12929.9,13120.6,12647.5,13433.5,12539.2,11831.6,15799.1,12717.0,11929.1,14630.5,24442.9,23212.2,19819.5,20044.7,19966.1,35147.6,34985.8,32617.5,32494.2,50912.0,47736.5,47854.9,51099.0,51463.5,51493.0,45637.4,49194.2,47677.3,51046.4,63560.7,61011.3,53924.7
FRONT ST AND JAY ST,2100.1,5417.4,4605.1,7407.7,5657.5,5025.2,7342.7,6761.9,7029.3,5025.2,7231.0,7243.6,8700.0,19032.8,19032.8,21849.3,24577.9,24728.9,22468.4,22719.7,29408.5,26487.3,26530.9,28144.1,33054.5,33509.8,33525.2,27165.4,0.0,2052.5,2012.6,2464.7,1537.5,977.9,1098.5,4967.5,5177.8,11451.8,16703.8,20517.3,17340.6,17492.4,17774.5,17301.4,17448.8,17193.1,17408.5,13616.5,17632.1,19726.9,18415.3,27328.9,26098.3,22678.7,30301.3,28513.6,27221.9,27045.3,35503.6,35380.3,23500.4,20324.9,20443.2,23687.4,24051.8,24081.3,18225.7,21782.6,20265.7,23634.8,31906.1,34602.0,26513.1
210 JORALEMON ST - INSIDE BUILDING,2694.6,6011.9,5199.6,7664.3,6196.3,5564.1,7599.3,7018.5,7568.1,5564.1,7769.8,7782.5,9238.9,19107.1,19107.1,22388.2,24910.6,25061.6,22542.8,22794.0,29482.8,26561.7,26605.2,33593.7,33128.9,33584.2,33599.5,27239.7,1492.3,0.0,469.9,703.5,1886.1,1582.3,1319.9,4112.8,4099.1,11266.0,15331.0,19141.5,17414.9,17566.7,17848.9,17375.8,17523.2,17267.5,17482.8,13690.8,17706.4,19801.2,18489.6,27403.3,26172.6,22753.1,30375.6,28588.0,25846.2,25669.6,35577.9,35454.7,22127.5,18952.1,19070.4,22314.6,22679.0,22708.5,16852.9,20409.8,18892.9,22262.0,30533.3,33229.2,25140.3
141 LIVINGSTON ST - INSIDE BUILDING,2465.2,5782.5,4970.2,7772.8,6022.6,5390.3,7707.8,7127.0,7394.3,5390.3,7596.1,7608.7,9065.1,18989.8,18989.8,22214.4,24943.0,25094.0,22425.4,22676.7,29365.5,26444.3,26487.9,33476.4,33011.5,33466.8,33482.2,27122.4,1417.7,354.2,0.0,511.7,1768.8,1936.5,1674.0,3629.4,3615.7,10782.6,15466.9,18658.1,17297.6,17449.4,17731.5,17258.4,17405.8,17150.1,17365.5,13573.5,17589.1,19683.8,18372.3,27285.9,26055.3,22635.7,30258.3,28470.6,25362.8,25186.2,35460.6,35337.3,22263.4,19088.0,19206.3,22450.4,22814.9,22844.4,16988.8,20545.6,19028.8,22397.8,30669.2,33365.1,25276.2
120 SCHERMERHORN ST - INSIDE BUILDING,2708.1,6025.3,5213.0,7739.7,6265.4,5633.1,7674.7,7093.9,7637.2,5633.1,7838.9,7851.6,9307.9,19182.5,19182.5,22457.2,25185.8,25336.8,22618.2,22869.4,29558.3,26637.1,26680.7,33669.1,33204.3,33659.6,33674.9,27315.2,1610.4,597.0,242.8,0.0,1961.5,2002.7,1916.9,3555.3,3541.5,10708.4,15709.7,18583.9,17490.3,17642.2,17924.3,17451.2,17598.6,17342.9,17558.2,13766.2,17781.8,19876.6,18565.1,27478.7,26248.0,22828.5,30451.0,28663.4,25288.6,25112.0,30683.4,30560.2,22506.3,19330.8,19449.1,22693.3,23057.7,23087.2,17231.6,20788.5,19271.6,22640.7,30912.0,33607.9,25519.0
PEARL STREET TRIANGLE,5705.8,5198.1,4385.8,6190.9,4505.1,3872.8,6125.9,5545.1,5876.8,3872.8,6078.6,6091.2,7547.6,16255.6,16255.6,20696.9,23024.5,23175.5,19538.7,18281.7,26266.4,22502.3,22545.8,28969.6,31962.0,32417.3,32432.7,25490.1,4508.0,5092.4,5052.5,5504.6,0.0,4900.2,5596.4,8124.1,8110.3,13786.5,21005.1,23152.7,18223.4,18375.2,18657.4,18184.3,18331.7,18076.0,18291.3,14499.3,18514.9,20609.7,19298.2,28211.8,26981.1,23561.6,31184.1,29396.5,29857.4,29680.8,36386.4,36263.2,27801.6,24626.1,24744.5,27988.6,28353.1,28382.6,22527.0,26083.8,24566.9,27936.0,36207.4,38903.3,30814.3
ARCHWAY ON ADAMS STREET SIDE,1795.6,5112.9,4300.6,7103.2,5353.0,4720.7,7038.2,6457.4,6724.7,4720.7,6926.5,6939.1,8395.5,18880.6,18880.6,21544.8,24273.4,24424.4,22316.3,22567.5,29256.3,26335.2,26378.8,27839.6,32902.4,33357.7,33373.0,27013.3,190.3,1606.3,1544.3,2018.4,1727.7,0.0,794.0,4869.4,5368.1,11491.2,16384.8,19898.0,17188.4,17340.2,17622.4,17149.3,17296.7,17041.0,17256.3,13464.3,17479.9,19574.7,18263.2,27176.8,25946.1,22526.6,30149.1,28361.5,26602.7,26426.1,35351.4,35228.2,23181.3,20005.8,20124.2,23368.3,23732.8,23762.3,17906.7,21463.5,19946.6,23315.7,31587.1,34283.0,26194.0
OLD FULTON PLAZA,2260.8,5578.0,4765.7,7568.3,5818.1,5185.8,7503.3,6922.6,7189.9,5185.8,7391.6,7404.3,8860.6,19345.8,19345.8,22009.9,24738.5,24889.5,22781.4,23032.7,29721.5,26800.3,26843.9,28304.7,33367.5,33822.8,33838.2,27478.4,796.1,1732.6,1843.4,2077.0,2154.0,605.8,0.0,5486.3,5853.1,14667.3,15888.7,22542.8,17653.6,17805.4,18087.5,17614.4,17761.8,17506.1,17721.4,13929.4,17945.1,20039.8,18728.3,27641.9,26411.3,22991.7,30614.3,28826.6,29247.5,29070.9,35816.5,35693.3,22685.2,19509.8,19628.1,22872.3,23236.7,23266.2,17410.6,20967.5,19450.6,22819.7,31091.0,33786.9,25698.0
450 FLATBUSH AVE - PP ZOO,5925.2,9242.5,9201.9,10439.7,8971.8,8339.5,10374.7,9793.9,10343.5,8339.5,10545.3,10557.9,12014.3,20951.2,20951.2,29689.5,29662.2,29813.2,24386.9,24638.1,31326.9,28405.8,28449.4,35437.8,34973.0,35428.3,35443.6,29083.9,4765.6,3886.7,3532.6,3632.3,4661.5,5157.9,5212.7,0.0,1168.3,7153.2,11842.9,15028.7,19259.0,19410.8,19693.0,19219.9,19367.3,19111.6,19326.9,15534.9,19550.5,21645.3,20333.8,21306.7,20079.9,17317.1,27168.7,26260.3,21733.3,21556.7,27128.1,27004.9,19813.6,16638.2,16756.5,20000.6,20365.1,20394.6,14539.0,18095.9,16579.0,19948.0,28219.4,30915.3,22826.4
990 WASHINGTON AVE - BBG,6483.6,9800.8,9142.9,10938.6,9470.7,8838.4,10873.6,10292.8,10842.5,8838.4,11044.2,11056.8,12513.2,19782.9,19782.9,28521.2,28493.8,28644.8,23218.6,23469.8,30158.6,27237.4,27281.0,34269.5,33804.7,34260.0,34275.3,27915.5,5214.3,3827.7,3473.5,3592.1,5251.1,6901.8,6639.3,1168.3,0.0,6672.9,12312.5,15498.3,18090.7,18242.5,18524.6,18051.5,18199.0,17943.2,18158.6,14366.6,18382.2,20477.0,19165.4,20826.5,19599.7,16096.1,25947.8,25039.3,22203.0,22026.4,26647.9,26524.7,20283.3,17107.8,17226.1,20470.3,20834.7,20864.2,15008.6,18565.5,17048.6,20417.7,28689.0,31384.9,23296.0
1555 LINDEN BLVD,15626.8,16761.4,15300.7,19415.2,17665.0,17032.7,19350.2,18769.5,19036.8,17032.7,19238.5,19251.1,20707.5,19668.1,19668.1,28406.4,28379.0,28530.0,23103.8,23355.0,31891.2,30069.5,30113.1,34154.7,32310.1,32765.4,32780.7,26420.9,11594.6,10725.2,10371.1,10470.8,11500.0,14728.9,13019.6,6838.5,6360.1,0.0,12865.8,12626.6,21196.3,22106.7,21630.3,21157.2,21304.6,21048.9,15414.9,11881.9,15638.6,17745.3,18561.5,14970.6,13743.8,15599.8,22747.1,24408.4,16190.6,16028.7,20792.0,20668.8,24145.9,20970.5,21088.8,24332.9,24697.4,24726.9,18871.3,22428.1,20911.3,24280.3,32551.7,35247.6,27158.6
NY AQUARIUM,17580.0,18714.5,17253.9,21368.4,19618.1,18985.9,21303.4,20722.6,20989.9,18985.9,21191.6,21204.3,22660.6,31732.8,31732.8,35810.0,36940.8,36408.1,35168.4,35419.7,48680.8,46859.1,46902.7,42104.8,49099.7,49555.0,49570.3,43210.5,16585.7,15676.6,14457.9,14215.1,17307.6,16682.0,16655.7,11617.4,11949.9,13121.8,0.0,11164.9,32665.5,33575.9,33099.5,32626.4,32773.8,32518.1,32204.6,26015.7,32428.2,32392.2,30030.7,25414.2,25161.7,27069.0,38271.1,35826.3,17869.6,17693.0,23413.7,23160.5,19214.1,16038.7,16157.0,19401.1,19765.6,19795.1,13939.5,17496.3,15979.5,19348.5,27619.9,30315.8,22226.8
FLOYD BENNETT FIELD TRAINING CENTER,23735.0,24869.6,23408.9,27523.4,25773.2,25140.9,27458.4,26877.6,27145.0,25140.9,27346.7,27359.3,28815.7,40006.6,40006.6,49378.5,49474.0,49976.7,43442.2,43693.5,45146.1,43324.5,43368.0,53126.2,45565.0,46020.3,46035.6,39675.9,22740.8,18833.4,18479.2,18579.0,19608.2,22837.1,21918.5,14946.7,15279.2,12729.2,12037.3,0.0,29130.9,30041.2,29564.8,29091.7,29239.1,28983.4,28669.9,22481.0,28893.5,28857.5,26496.0,21879.5,21627.0,23534.3,34736.4,32291.6,10563.7,10387.1,16107.8,15854.7,29042.9,25867.4,25985.7,29229.9,29594.3,29623.8,23768.2,27325.1,25808.2,29177.3,37448.6,40144.5,32055.6
PASSERELLE CIRCLE - FLUSHING MEADOW PARK,19167.1,22242.1,21429.8,19354.3,19521.3,18889.1,19289.2,18708.5,18379.2,18889.1,17847.4,17834.8,17926.4,12023.2,12023.2,22233.7,20734.2,22831.8,15458.9,15710.1,18001.2,16179.6,16223.2,25981.3,18420.1,18875.4,18890.8,12531.0,18334.9,17975.3,17935.3,18387.5,17903.4,18144.7,17882.2,19589.6,18421.2,20345.9,32257.9,29337.8,0.0,1521.9,1045.4,39.2,153.4,147.5,1972.5,4661.4,2461.5,4385.1,3860.2,14289.3,13058.6,9639.1,17261.6,13958.5,24994.0,24832.2,22463.9,22340.7,40087.3,36911.9,37030.2,40274.4,40638.8,40668.3,34812.7,38369.6,36852.7,40221.8,48493.1,51189.0,43100.1
FLUSHING MEADOW PARK PLAYGROUNDS,17645.2,20720.2,19907.9,17832.4,17999.5,17367.2,17767.4,17186.6,16857.3,17367.2,16325.5,16312.9,16404.5,13788.9,13788.9,23730.8,23826.3,24328.9,17224.6,17475.8,19498.4,17676.7,17720.3,27478.4,19917.3,20372.6,20387.9,14028.1,16813.0,16453.4,16413.5,16865.6,16381.5,16622.8,16360.3,18067.7,16899.3,18824.0,30736.0,27815.9,2913.2,0.0,2209.9,2874.0,3021.4,2765.7,2981.1,3139.5,3204.7,5303.6,3992.1,12767.4,11536.8,8117.2,15739.7,14831.3,23472.1,23310.3,20942.0,20818.8,38565.5,35390.0,35508.3,38752.5,39116.9,39146.4,33290.8,36847.7,35330.8,38699.9,46971.2,49667.1,41578.2
QUEENS HALL OF SCIENCE,18483.0,21558.0,20745.7,18670.2,18837.3,18205.0,18605.2,18024.4,17695.1,18205.0,17163.4,17150.7,17242.4,12437.2,12437.2,22647.6,21148.1,23245.8,15872.9,16124.1,18415.2,16593.6,16637.1,26395.3,18834.1,19289.4,19304.8,12945.0,17650.9,17291.2,17251.3,17703.4,17219.3,17460.6,17198.2,18905.5,17737.2,19661.9,31573.9,28653.8,1025.5,837.9,0.0,986.3,1133.7,878.0,3818.9,3977.4,4042.5,6141.5,4830.0,13605.3,12374.6,8955.1,16577.6,15669.1,24310.0,24148.2,21779.9,21656.6,39403.3,36227.9,36346.2,39590.3,39954.8,39984.3,34128.7,37685.5,36168.7,39537.7,47809.1,50505.0,42416.1
QUEENS ZOO,19127.9,22202.9,21390.6,19315.1,19482.2,18849.9,19250.1,18669.3,18340.0,18849.9,17808.3,17795.6,17887.3,11984.1,11984.1,22194.5,20695.0,22792.6,15419.7,15671.0,17962.1,16140.4,16184.0,25942.1,18381.0,18836.3,18851.6,12491.8,18295.8,17936.1,17896.2,18348.3,17864.2,18105.5,17843.0,19550.4,18382.1,20306.8,32218.7,29298.6,39.2,1482.7,1006.3,0.0,147.4,108.3,2011.6,4622.3,2500.6,4346.0,3899.3,14250.1,13019.5,9599.9,17222.5,13997.6,24954.9,24793.0,22424.8,22301.5,40048.2,36872.7,36991.1,40235.2,40599.7,40629.2,34773.6,38330.4,36813.5,40182.6,48454.0,51149.9,43060.9
QUEENS THEATRE,19275.3,22350.3,21538.0,19462.5,19629.6,18997.3,19397.5,18816.7,18487.4,18997.3,17955.7,17943.0,18034.7,12131.5,12131.5,22341.9,20842.4,22940.0,15567.2,15818.4,18109.5,16287.8,16331.4,26089.5,18528.4,18983.7,18999.0,12639.2,18443.2,18083.5,18043.6,18495.7,18011.6,18252.9,17990.5,19697.8,18529.5,20454.2,32366.1,29446.1,153.4,1630.1,1153.7,147.4,0.0,255.7,2125.9,4769.7,2614.8,4493.4,4013.6,14397.6,13166.9,9747.4,17369.9,14111.9,25102.3,24940.4,22572.2,22448.9,40195.6,37020.2,37138.5,40382.6,40747.1,40776.6,34921.0,38477.8,36960.9,40330.0,48601.4,51297.3,43208.3
QUEENS MUSEUM,19019.6,22094.6,21282.3,19206.8,19373.9,18741.6,19141.8,18561.0,18231.7,18741.6,17700.0,17687.3,17779.0,11875.8,11875.8,22086.2,20586.7,22684.3,15311.4,15562.7,17853.8,16032.1,16075.7,25833.8,18272.7,18728.0,18743.3,12383.5,18187.5,17827.8,17787.9,18240.0,17755.9,17997.2,17734.8,19442.1,18273.8,20198.5,32110.4,29190.3,147.5,1374.4,898.0,108.3,255.7,0.0,2119.9,4514.0,2608.9,4237.7,4007.6,14141.8,12911.2,9491.7,17114.2,16205.7,24846.6,24684.7,22316.5,22193.2,39939.9,36764.4,36882.8,40126.9,40491.4,40520.9,34665.3,38222.1,36705.2,40074.3,48345.7,51041.6,42952.6
AL ORTER RECREATION CENTER,19272.7,22347.7,21535.4,19459.9,19627.0,18994.7,19394.9,18814.1,18484.8,18994.7,17953.1,17940.4,18032.1,14480.8,14480.8,22178.1,22273.6,22776.2,17263.8,18167.7,17945.7,16124.0,16167.6,25925.7,18364.6,18819.9,18835.2,12475.4,18440.6,18080.9,18041.0,18493.1,18009.0,18250.3,17987.9,19695.2,18526.9,19734.6,31646.6,28726.5,1972.5,4808.0,4039.1,2011.6,2125.9,2119.9,0.0,5080.1,744.5,1905.3,3201.4,13678.0,12447.3,9054.7,14519.0,13918.4,24382.7,24220.9,21852.6,21729.3,40193.0,37017.5,37135.9,40380.0,40744.5,40774.0,34918.4,38475.2,36958.3,40327.4,48598.8,51294.7,43205.7
93-29 QUEENS BLVD - LBH RECREATION CENTER,15621.2,18696.2,17883.9,15808.4,15975.5,15343.2,15743.4,15162.6,14833.3,15343.2,14301.6,14288.9,14380.6,11362.5,11362.5,25054.7,20073.4,20224.4,14798.1,15049.4,20822.3,19000.6,19044.2,25849.1,21241.2,21696.5,21711.8,15352.0,14789.1,14429.4,14389.5,14841.6,14357.5,14598.8,14336.4,16043.7,14875.4,12538.8,32194.0,29274.0,4237.1,5147.5,4671.0,4197.9,4345.4,4089.6,4305.0,0.0,4528.6,6623.4,5311.8,14225.5,12994.8,9575.3,17197.8,15410.1,18711.8,18549.9,22400.1,22276.8,36541.5,33366.0,33484.4,36728.5,37093.0,37122.5,31266.9,34823.7,33306.8,36675.9,44947.3,47643.2,39554.2
43-50 MAIN ST - QUEENS BOTANICAL GARDEN,19255.8,22330.8,21518.5,19443.0,19610.1,18977.8,19378.0,18797.2,18467.9,18977.8,17936.2,17923.5,18015.1,14463.9,14463.9,22161.2,22256.7,22759.3,17246.9,18150.8,17928.8,16107.1,16150.7,25908.8,18347.7,18803.0,18818.3,12458.5,18423.7,18064.0,18024.1,18476.2,17992.1,18233.4,17970.9,19678.3,18510.0,19717.7,31629.7,28709.6,2452.8,4849.6,4022.2,2492.0,2606.2,3440.8,1092.4,5063.2,0.0,1408.6,2824.8,13661.1,12430.4,9037.7,13525.9,12925.2,24365.8,24204.0,21835.7,21712.4,40176.1,37000.6,37119.0,40363.1,40727.6,40757.1,34901.5,38458.3,36941.4,40310.5,48581.8,51277.8,43188.8
KISSENA BLVD AND HORACE HARDING EXPRESSWAY,21240.8,24315.8,23503.5,21428.0,21595.1,20962.8,21363.0,20782.2,20452.9,20962.8,19921.1,19908.5,20000.1,14035.9,14035.9,21288.2,21383.7,21886.4,16374.0,17722.8,17055.8,15234.2,15277.7,25035.9,17474.7,17930.0,17945.4,11585.6,20408.6,20049.0,20009.1,20461.2,19977.1,20218.4,19955.9,21663.3,20495.0,19541.8,31453.7,28533.6,5586.5,5697.4,6020.4,5547.3,5694.7,5439.0,2460.7,7048.1,1409.0,0.0,2655.6,13485.1,12254.5,6985.2,12520.9,11920.2,24189.9,24028.0,21659.8,21536.5,42161.1,38985.6,39104.0,42348.1,42712.5,42742.0,36886.4,40443.3,38926.4,42295.5,50566.8,53262.7,45173.8
N/W/C 150 STREET / MELBOURNE AVE,20097.1,23172.1,22359.8,20284.3,20451.4,19819.1,20219.3,19638.5,19309.2,19819.1,18777.4,18764.8,18856.4,15318.5,15318.5,23961.1,24056.6,24559.2,18754.2,19005.4,19728.7,17907.0,17950.6,27708.7,20147.6,20602.9,20618.2,14258.4,19264.9,18905.3,18865.4,19317.5,18833.4,19074.7,18812.2,20519.6,19351.2,17209.7,29121.7,26201.6,4442.8,5353.2,4876.7,4403.6,4551.0,4295.3,3210.5,5904.4,3425.5,2667.6,0.0,11153.1,9922.4,5464.3,12070.0,11469.4,21857.8,21696.0,19327.7,19204.4,41017.4,37841.9,37960.2,41204.4,41568.8,41598.3,35742.7,39299.6,37782.7,41151.8,49423.1,52119.0,44030.1
177-01 BAISLEY BLVD - ROY WILKINS PARK,30043.8,33118.8,32306.5,30231.0,30398.1,29765.8,30166.0,29585.2,29255.9,29765.8,28724.2,28711.5,28803.1,24593.7,24593.7,32265.9,32361.4,32864.0,27368.6,28280.5,28033.5,26211.8,26255.4,36013.5,26797.2,27252.5,27267.9,24262.9,29211.7,28852.0,28812.1,29264.2,28780.1,29021.4,28758.9,20400.2,19921.9,13681.0,25593.0,22672.9,13717.9,14628.3,14151.9,13678.8,13826.2,13570.5,13257.0,15851.2,13480.6,13444.6,11083.1,0.0,2492.2,3462.0,11857.8,9399.7,17728.8,17868.6,12408.7,12285.4,42598.6,39423.1,39541.5,42785.6,43150.0,43179.5,37323.9,40880.8,39363.9,42733.0,51004.3,53700.2,45611.3
133-39 GUY BREWER BLVD - VIC HANSEN REC CENTER,29046.4,32121.4,31309.1,29233.6,29400.7,28768.4,29168.6,28587.8,28258.5,28768.4,27726.8,27714.1,27805.7,23596.2,23596.2,32968.2,33063.7,33566.3,27031.9,27283.1,28735.8,26914.1,26957.7,36715.8,29154.7,29610.0,29625.3,23265.5,28214.3,27854.6,27814.7,28266.8,27782.7,28024.0,27761.5,19502.5,19024.2,12783.3,24695.3,21775.2,12720.5,13630.9,13154.5,12681.4,12828.8,12573.1,12259.5,14853.7,12483.2,12447.2,10085.7,2096.3,0.0,3962.9,15950.1,13505.3,15953.9,16093.7,10633.8,10510.6,41700.9,38525.4,38643.8,41887.9,42252.3,42281.8,36426.2,39983.1,38466.2,41835.3,50106.6,52802.5,44713.6
106-16 173RD ST - DETECTIVE KEITH WILLIAMS REC CENTER,25370.2,28445.1,27632.8,25557.3,25724.4,25092.1,25492.3,24911.6,24582.2,25092.1,24050.5,24037.9,24129.5,19920.0,19920.0,30825.7,30921.2,31423.8,25928.4,23606.9,26593.3,24771.6,24815.2,34573.4,25357.1,25812.3,25827.7,19589.3,24538.0,24178.4,24138.4,24590.6,24106.5,24347.8,24085.3,16328.2,16112.6,14522.5,26434.5,23514.4,9044.3,9954.7,9478.2,9005.1,9152.5,8896.8,8583.3,11177.5,8806.9,7674.4,5541.2,4410.6,4607.8,0.0,10417.6,9233.7,19170.6,19008.8,14524.2,14401.0,43440.1,40264.7,40383.0,43627.1,43991.6,44021.1,38165.5,41722.3,40205.4,43574.5,51845.9,54541.8,46452.8
WINCHESTER BLVD & GRAND CENTRAL PARKWAY,30803.7,33878.7,33066.4,30990.9,31157.9,30525.7,30925.8,30345.1,30015.8,30525.7,29484.0,29471.4,29563.0,26025.1,26025.1,31546.7,31642.2,32144.8,26649.4,30426.1,27314.3,25492.6,25536.2,35294.3,26078.0,26533.3,26548.6,19465.5,29971.5,29611.9,29571.9,30024.1,29540.0,29781.3,29518.8,26345.3,26129.7,22876.6,38555.5,35635.4,15149.4,16059.8,15583.3,15110.2,15257.6,15001.9,13917.0,16611.0,14132.1,12515.6,12213.9,12098.4,15782.8,10670.7,0.0,3384.1,26402.5,26542.3,21082.4,20959.1,51723.9,48548.5,48666.8,51911.0,52275.4,52304.9,46449.3,50006.2,48489.3,51858.4,60129.7,62825.6,54736.7
WINCHESTER BLVD & UNION TURNPIKE,29907.5,32982.5,32170.2,30094.7,30261.8,29629.5,30029.7,29448.9,29119.6,29629.5,28587.9,28575.2,28666.9,25128.9,25128.9,27490.3,27585.8,28088.4,22593.0,26369.7,23257.9,21436.2,21479.8,31237.9,22021.6,22476.9,22492.2,18520.3,29075.4,28715.7,28675.8,29127.9,28643.8,28885.1,28622.7,25150.1,24934.5,24123.4,36035.4,33115.3,14253.2,15163.6,14687.2,14214.1,14361.5,14105.8,13020.9,15714.9,13236.0,11619.5,11317.7,9328.9,13262.6,9449.1,3139.0,0.0,23882.4,24022.1,18562.2,18439.0,50827.8,47652.4,47770.7,51014.8,51379.3,51408.8,45553.2,49110.0,47593.2,50962.2,59233.6,61929.5,53840.5
B95TH ST / BEACH - ROCKAWAY BEACH,30329.6,31464.1,30003.5,34118.0,32367.7,31735.4,34052.9,33472.2,33739.5,31735.4,31503.6,31491.0,31582.6,35781.8,35781.8,45153.8,45249.3,45751.9,39217.5,39468.7,40921.4,39099.7,39143.3,48901.4,41340.3,41795.6,41810.9,35451.1,24611.8,25427.9,25073.8,25173.5,26202.8,25461.3,25198.9,21541.2,21873.7,16040.5,18631.8,10414.8,24906.1,25816.5,25340.1,24867.0,25014.4,24758.7,24445.1,18244.7,24668.8,24632.8,22271.3,17654.8,17402.3,19309.6,26268.0,23823.2,0.0,139.8,6586.4,6333.3,35637.4,32461.9,32580.3,35824.4,36188.9,36218.4,30362.8,33919.6,32402.7,35771.8,44043.2,46739.1,38650.1
B92ND ST / BEACH - ROCKAWAY BEACH,30217.7,31352.3,29891.6,34006.1,32255.9,31623.6,33941.1,33360.3,33627.6,31623.6,31356.4,31343.7,31435.4,35634.6,35634.6,45006.6,45102.1,45604.7,39070.3,39321.5,40774.2,38952.5,38996.1,48754.2,41193.1,41648.4,41663.7,35303.9,24464.6,25316.1,24961.9,25061.7,26090.9,25314.1,25051.7,21429.4,21761.9,15893.3,18519.9,10303.0,24758.9,25669.3,25192.9,24719.8,24867.2,24611.5,24297.9,18097.5,24521.5,24485.5,22124.1,17507.6,17255.0,19162.4,30364.5,27919.6,724.3,0.0,6552.5,6299.4,35525.5,32350.1,32468.4,35712.6,36077.0,36106.5,30250.9,33807.8,32290.9,35660.0,43931.3,46627.2,38538.3
B17TH ST / BEACH - ROCKAWAY BEACH,38198.6,41273.6,35485.6,38385.7,38552.8,37920.6,38320.7,37740.0,37410.6,37920.6,36878.9,36866.3,36957.9,32748.4,32748.4,42120.4,42215.9,42718.5,36184.1,36435.3,37888.0,36066.3,36109.9,45868.0,38306.9,38762.1,38777.5,32417.7,37366.4,37006.8,36966.8,28160.6,36934.9,37176.2,36913.7,27023.4,26545.0,20304.2,24208.1,15991.2,21872.7,22783.1,22306.6,21833.5,21980.9,21725.2,21411.7,24005.9,21635.3,21599.3,19237.8,12230.5,10134.2,14097.0,20446.2,18001.4,6274.9,6414.7,0.0,259.6,41213.7,38038.3,38156.6,41400.8,41765.2,41794.7,35939.1,39496.0,37979.1,41348.2,49619.5,52315.4,44226.5
B13TH ST / BEACH - ROCKAWAY BEACH,38495.3,41570.3,35782.4,38682.5,38849.6,38217.3,38617.5,38036.7,37707.4,38217.3,37175.7,37163.0,37254.7,33045.2,33045.2,42417.1,42512.6,43015.3,36480.8,36732.1,38184.7,36363.1,36406.6,46164.8,38603.6,39058.9,39074.2,32714.5,37663.2,37303.5,37263.6,28457.4,37231.6,37472.9,37210.5,27320.2,26841.8,20600.9,24226.0,16009.1,22169.5,23079.8,22603.4,22130.3,22277.7,22022.0,21708.5,24302.7,21932.1,21896.1,19534.6,12527.3,10430.9,14393.8,20743.0,18298.2,6292.8,6432.6,336.9,0.0,41231.6,38056.2,38174.5,41418.7,41783.1,41812.6,35957.0,39513.9,37997.0,41366.1,49637.4,52333.3,44244.4
6 VICTORY BLVD - LYONS POOL,24226.3,25360.9,23900.2,28014.7,26264.5,25632.2,27949.7,27369.0,27636.3,25632.2,27838.0,27850.6,29307.0,41518.7,41518.7,45052.8,45019.2,45650.9,44954.4,42168.2,49362.6,48235.6,48279.1,51347.6,55540.5,55995.8,56011.1,49651.4,23232.1,22322.9,22177.2,21972.2,23953.9,23328.4,23302.0,20142.0,20474.5,24264.3,20025.7,28530.5,39826.6,39978.4,40260.5,39787.4,39934.8,39679.1,39894.4,36102.4,40118.0,42212.8,40901.3,42779.9,42527.3,44434.6,52787.2,53191.9,35235.2,35058.6,40779.3,40526.2,0.0,4415.4,3267.3,912.4,275.0,8325.5,8648.8,6008.8,8201.9,10634.0,16230.2,15926.2,14208.6
CLOVE RD AND CHESHIRE PL,20652.8,21787.4,20326.7,24441.2,22691.0,22058.7,24376.2,23795.5,24062.8,22058.7,24264.5,24277.1,25733.5,37945.2,37945.2,38882.8,40013.7,39481.0,41380.9,38594.7,48321.0,45399.8,45443.4,45177.6,51967.0,52422.3,52437.6,46077.9,19658.6,18749.4,18603.7,18398.7,20380.4,19754.9,19728.5,16568.5,16901.0,20690.8,16452.2,24957.0,36253.1,36404.9,36687.0,36213.9,36361.3,36105.6,36320.9,32528.9,36544.5,38639.3,37327.8,39206.3,38953.8,40861.1,49213.7,49618.4,31661.7,31485.1,37205.8,36952.7,4393.3,0.0,1336.2,4580.3,4944.8,4645.5,5075.3,2321.4,4628.4,6185.9,12470.3,15166.2,10521.3
CLOVE RD AND VICTORY BLVD,21121.7,22256.3,20795.6,24910.1,23159.9,22527.6,24845.1,24264.3,24531.7,22527.6,24733.4,24746.0,26202.4,38414.1,38414.1,39351.7,40482.6,39949.8,41849.8,39063.6,48789.8,45868.7,45912.3,45646.5,52435.9,52891.2,52906.5,46546.7,20127.5,19218.3,19072.5,18867.5,20849.3,20223.8,20197.4,17037.4,17369.9,21159.7,16921.0,25425.9,36721.9,36873.7,37155.9,36682.8,36830.2,36574.5,36789.8,32997.8,37013.4,39108.2,37796.7,39675.2,39422.7,41330.0,49682.6,50087.3,32130.6,31954.0,37674.7,37421.6,3219.8,1310.7,0.0,3406.8,3771.3,5665.4,5544.2,3341.3,5097.3,7425.1,13490.2,16186.1,11632.4
DAVIS AVE AND DELAFIELD AVE,23869.4,25004.0,23543.3,27657.8,25907.6,25275.3,27592.8,27012.0,27279.3,25275.3,27481.1,27493.7,28950.1,41161.8,41161.8,44695.9,44662.2,45294.0,44597.5,41811.2,49005.7,47878.6,47922.2,50990.7,55183.6,55638.9,55654.2,49294.4,22875.2,21966.0,21820.2,21615.2,23597.0,22971.5,22945.1,19785.1,20117.6,23907.3,19668.7,28173.6,39469.6,39621.4,39903.6,39430.5,39577.9,39322.2,39537.5,35745.5,39761.1,41855.9,40544.3,42422.9,42170.4,44077.7,52430.3,52835.0,34878.3,34701.7,40422.4,40169.3,1476.6,4058.4,2910.4,0.0,1606.3,7968.5,8291.8,5651.8,7845.0,10277.1,15873.2,15569.3,13851.7
SNUG HARBOR CULTURAL CENTER,24796.3,25930.8,24470.2,28584.7,26834.4,26202.2,28519.7,27938.9,28206.2,26202.2,28407.9,28420.6,29877.0,42088.7,42088.7,45400.8,45367.2,45998.9,45524.4,42738.1,49710.6,48583.6,48627.1,51695.6,56110.5,56565.8,56581.1,50221.3,23802.0,22892.9,22747.1,22542.1,24523.9,23898.4,23872.0,20712.0,21044.5,24834.2,20595.6,29100.5,40396.5,40548.3,40830.4,40357.4,40504.8,40249.1,40464.4,36672.4,40688.0,42782.8,41471.2,43349.8,43097.3,45004.6,53357.2,53761.9,35805.2,35628.6,41349.3,41096.1,275.0,4985.3,3837.2,936.8,0.0,8895.4,9218.7,6578.7,8771.9,11204.0,16552.4,16248.5,14778.6
2800 VICTORY BLVD - COLLEGE OF STATEN ISLAND,24631.0,25765.6,24304.9,27498.5,25748.2,25115.9,27433.5,26852.7,27120.0,25115.9,27321.7,27334.4,28790.7,41923.4,41923.4,44439.1,44405.4,45037.2,45359.1,42572.8,48748.9,47621.8,47665.4,50733.8,55945.2,56400.5,56415.8,50056.0,23636.8,22727.6,22581.8,22376.8,24358.6,23733.1,23706.7,20546.7,20879.2,24668.9,20430.3,28935.2,40231.2,40383.0,40665.2,40192.1,40339.5,40083.8,40299.1,36507.1,40522.7,42617.5,41305.9,43184.5,42932.0,44839.3,53191.9,53596.6,35639.9,35463.3,41184.0,40930.9,8334.2,4742.5,5695.0,7788.4,8521.0,0.0,9053.4,2689.9,6375.7,5879.8,9071.5,10111.2,9454.4
625 FATHER CAPODANNO BLVD - OCEAN BREEZE,18205.1,19339.6,17879.0,21993.5,20243.2,19611.0,21928.5,21347.7,21615.0,19611.0,21816.7,21829.4,23285.8,35497.5,35497.5,36435.1,37565.9,37033.2,38933.2,36146.9,45873.2,42952.0,42995.6,42729.9,49519.3,49974.6,49989.9,43630.1,17210.8,16301.7,16155.9,15950.9,17932.7,17307.1,17280.8,14120.8,14453.3,18243.0,13992.8,22497.6,33805.3,33957.1,34239.2,33766.1,33913.6,33657.9,33873.2,30081.2,34096.8,36191.6,34880.0,36746.9,36494.4,38401.7,46766.0,47159.0,29202.3,29025.7,34746.4,34493.3,8782.3,5606.9,5725.2,8969.3,9333.8,9363.3,0.0,7064.5,3823.0,6282.3,14468.4,19884.0,9466.0
700 ROCKLAND AVE - GREENBELT NATURE CENTER,22459.1,23593.7,22133.0,26247.5,24497.3,23865.0,26182.5,25601.8,25869.1,23865.0,26070.8,26083.4,27539.8,39751.5,39751.5,40689.1,41820.0,41287.3,43187.2,40401.0,50127.3,47206.1,47249.7,46983.9,53773.3,54228.6,54244.0,47884.2,21464.9,20555.7,20410.0,20205.0,22186.7,21561.2,21534.8,18374.8,18707.3,22497.1,18258.5,26763.4,38059.4,38211.2,38493.3,38020.2,38167.6,37911.9,38127.2,34335.2,38350.8,40445.6,39134.1,41012.6,40760.1,42667.4,51020.0,51424.7,33468.0,33291.4,39012.1,38759.0,6008.8,2422.2,3374.7,5790.5,6523.2,2689.9,6881.6,0.0,3750.0,4689.4,10131.3,14398.8,8264.0
IFO 1617 RICHMOND ROAD - NYPL DONGAN HILLS,21348.5,22483.0,21022.4,25136.9,23386.6,22754.4,25071.9,24491.1,24758.4,22754.4,24960.1,24972.8,26429.2,38640.9,38640.9,39578.5,40709.3,40176.6,42076.6,39290.3,49016.6,46095.4,46139.0,45873.3,52662.7,53118.0,53133.3,46773.5,20354.2,19445.1,19299.3,19094.3,21076.1,20450.6,20424.2,17264.2,17596.7,21386.4,17147.8,25652.7,36948.7,37100.5,37382.6,36909.5,37057.0,36801.3,37016.6,33224.6,37240.2,39335.0,38023.4,39902.0,39649.5,41556.8,49909.4,50314.1,32357.4,32180.8,37901.5,37648.3,8069.9,4894.4,5012.7,8256.9,8621.3,5910.1,4006.1,3284.4,0.0,2886.4,10950.4,11171.3,7093.8
NEW DORP LANE - MILLER FIELD COMPLEX,23340.6,24475.2,23014.5,27129.0,25378.8,24746.5,27064.0,26483.3,26750.6,24746.5,26952.3,26964.9,28421.3,40633.0,40633.0,41570.6,42701.5,42168.8,44068.7,41282.5,51008.8,48087.6,48131.2,47865.4,54654.8,55110.1,55125.5,48765.7,22346.4,21437.2,21291.5,21086.5,23068.2,22442.7,22416.3,19256.3,19588.8,23378.6,19140.0,27644.9,38940.9,39092.7,39374.8,38901.7,39049.1,38793.4,39008.7,35216.7,39232.3,41327.1,40015.6,41894.2,41641.6,43548.9,51901.5,52306.2,34349.5,34172.9,39893.6,39640.5,10407.8,5934.0,6886.5,10189.5,10922.1,5644.7,5970.4,4463.2,3018.7,0.0,8513.2,8734.1,4773.5
IFO 222 POLLION AVE - BLUE HERON NATURE CENTER,32612.4,33746.9,32286.3,35297.3,33547.0,32914.7,35232.2,34651.5,34918.8,32914.7,35120.5,35133.2,36589.5,49904.8,49904.8,54867.6,54833.9,55465.7,53340.4,56443.1,59177.4,58050.3,58093.9,61162.3,68575.9,69031.2,69046.5,60932.4,31618.1,30709.0,30563.2,30358.2,32340.0,31714.4,31688.1,28528.1,28860.6,32650.3,28411.7,36916.6,48212.6,48364.4,48646.5,48173.4,48320.8,48065.1,48280.5,44488.5,48504.1,50598.9,49287.3,51165.9,50913.3,52820.7,61173.3,61578.0,43621.3,43444.6,49165.4,48912.2,16401.7,12723.9,13676.4,15748.2,16480.9,9221.4,14541.8,10311.8,11430.0,8624.8,0.0,5488.1,8803.2
FRESH KILLS PARK VISITOR CENTER,31373.6,32508.1,31047.5,33067.9,31317.7,30685.4,33002.9,32422.2,32689.5,30685.4,32891.2,32903.9,34360.2,48666.0,48666.0,50984.9,50951.3,51583.0,56586.1,52560.4,55294.7,54167.7,54211.2,57279.7,64693.3,65148.6,65163.9,57049.7,30379.3,29470.2,29324.4,29119.4,31101.2,30475.6,30449.3,27289.3,27621.8,31411.5,27172.9,35677.8,46973.8,47125.6,47407.7,46934.6,47082.0,46826.3,47041.7,43249.7,47265.3,49360.1,48048.5,49927.1,49674.5,51581.9,59934.5,60339.2,42382.5,42205.8,47926.6,47673.4,14137.3,11485.1,12437.6,13483.8,14216.4,8322.2,15796.0,10451.1,11493.4,8688.1,5697.7,0.0,10403.6
GREAT KILLS PARK,26883.6,28018.1,26557.5,30672.0,28921.7,28289.4,30607.0,30026.2,30293.5,28289.4,30495.2,30507.9,31964.2,44176.0,44176.0,45113.6,46244.4,45711.7,47611.6,44825.4,54551.7,51630.5,51674.1,51408.3,58197.7,58653.0,58668.4,52308.6,25889.3,24980.2,24834.4,24629.4,26611.1,25985.6,25959.2,22799.2,23131.8,26921.5,22682.9,31187.8,42483.8,42635.6,42917.7,42444.6,42592.0,42336.3,42551.6,38759.6,42775.3,44870.0,43558.5,45437.1,45184.5,47091.8,55444.5,55849.1,37892.4,37715.8,43436.5,43183.4,14098.1,10511.5,11809.6,13879.8,14612.5,9335.1,9513.3,8153.5,7127.7,4377.0,8713.2,10403.3,0.0
